Workbook

Sheet Metadados
A1: Variável | B1: Descrição
A2: Pais_Origem | B2: País de Origem do Café
A3: Tipo_Variedade | B3: Tipo de Variedade do Café
A4: Tipo_Processamento | B4: Tipo de Processamento que o Café foi produzido
A5: Faixa de Altitude | B5: Faixa de Altitude em que o Café foi cultivado
A6: Tipo_Qualidade | B6: Tipo de Qualidade de Café: Premium ou Normal

Sheet Base
A1: Pais_Origem | B1: Tipo_Variedade | C1: Tipo_Processamento | D1: Faixa de Altitude | E1: Tipo_Qualidade
A2: Others | B2: Catimor | C2: Washed / Wet | D2: 1300-1500 | E2: Premium
A3: Brazil | B3: Yellow Bourbon | C3: Semi-washed / Semi-pulped | D3: 1100-1300 | E3: Premium
A4: Mexico | B4: Typica | C4: Washed / Wet | D4: 1300-1500 | E4: Premium
A5: Guatemala | B5: Catuai | C5: Washed / Wet | D5: 1300-1500 | E5: Normal
A6: Guatemala | B6: Bourbon | C6: Washed / Wet | D6: 1300-1500 | E6: Normal
A7: Colombia | B7: Caturra | C7: Washed / Wet | D7: 1700-1900 | E7: Premium
A8: Mexico | B8: Typica | C8: Washed / Wet | D8: 1300-1500 | E8: Normal
A9: Mexico | B9: Typica | C9: Washed / Wet | D9: 1500-1700 | E9: Normal
A10: Guatemala | B10: Caturra | C10: Washed / Wet | D10: 1100-1300 | E10: Premium
A11: Brazil | B11: Mundo Novo | C11: Natural / Dry | D11: 900-1100 | E11: Normal
A12: Guatemala | B12: Catuai | C12: Washed / Wet | D12: 1300-1500 | E12: Normal
... A863: Tanzania, United Republic Of | B863: Bourbon | C863: Washed / Wet | D863: 1500-1700 | E863: Normal

Sheet Calculadora
B2: Precificação de Café para Cálculo de Garantias em Crédito | J2: Pais_Origem | K2: Tipo_Variedade | L2: Tipo_Processamento | M2: Faixa de Altitude
J3: Mexico | K3: Caturra | L3: Natural / Dry | M3: <700
B4: Dados do Café a ser dado como Garantia | J4: Guatemala | K4: Bourbon | L4: Washed / Wet | M4: 700-900
J5: Colombia | K5: Typica | L5: Pulped natural / honey | M5: 900-1100
B6: Pais de Origem | C6: Outros_Agrupado | J6: Brazil | K6: Outro | L6: Semi-washed / Semi-pulped | M6: 1100-1300
J7: Outros_Agrupado | K7: Catuai | M7: 1300-1500
B8: Tipo Variedade | C8: Catuai | J8: Taiwan | K8: Outras_Raras | M8: 1500-1700
J9: Honduras | K9: Mundo Novo | M9: 1700-1900
B10: Tipo Processamento | C10: Washed / Wet | J10: Costa Rica | K10: Catimor
J11: Tanzania, United Republic Of | K11: Yellow Bourbon
B12: Faixa de Altitude do Cultivo | C12: 700-900 | J12: China
J13: Others
J14: El Salvador
B15: Quantidade de Sacas de Café a ser dada como Garantia
B17: Qte de Sacas de 60kg | C17: 150
B20: Resultado
K21: Outro
B22: Valor Aproximado da Garantia | C22: =Análise!B155*(Análise!B153)+Análise!B156*(1-Análise!B153)*C17 -> 82661.907
B24: Valor máximo a ser liberado para empréstimo | C24: =C22*0.7 -> 57863.335

Sheet Análise
B2: 1) Quais as características do café aumentam a propensão dele ser do tipo Premium?
B4: 2) Para construir a calculadora solicitada conforme exemplo acima. A ideia é que o usuário informe as 5 primeiras informações (de País de Origem até a qte de Sacas de 60kg) e a calculadora possa fornecer as duas informações (Valor Aproximado da Garantia e Valor máximo a ser liberado para empréstimo).
B8: Contagem de Tipo_Qualidade | C8: Tipo_Qualidade | G8: Contagem de Tipo_Qualidade | H8: Tipo_Qualidade | L8: Contagem de Tipo_Qualidade | M8: Tipo_Qualidade | Q8: Contagem de Tipo_Qualidade | R8: Tipo_Qualidade
B9: Pais_Origem | C9: Normal | D9: Premium | E9: Total Result | G9: Tipo_Variedade | H9: Normal | I9: Premium | J9: Total Result | L9: Tipo_Processamento | M9: Normal | N9: Premium | O9: Total Result | Q9: Faixa de Altitude | R9: Normal | S9: Premium | T9: Total Result
B10: Brazil | C10: 40 | D10: 44 | E10: 84 | G10: Arusha | I10: 1 | J10: 1 | L10: Natural / Dry | M10: 59 | N10: 88 | O10: 147 | Q10: <700 | R10: 24 | S10: 14 | T10: 38
B11: China | C11: 5 | D11: 11 | E11: 16 | G11: Blue Mountain | H11: 1 | J11: 1 | L11: Pulped natural / honey | M11: 3 | N11: 6 | O11: 9 | Q11: 1100-1300 | R11: 123 | S11: 81 | T11: 204
B12: Colombia | C12: 18 | D12: 99 | E12: 117 | G12: Bourbon | H12: 97 | I12: 96 | J12: 193 | L12: Semi-washed / Semi-pulped | M12: 24 | N12: 26 | O12: 50 | Q12: 1300-1500 | R12: 118 | S12: 85 | T12: 203
B13: Costa Rica | C13: 16 | D13: 25 | E13: 41 | G13: Catimor | H13: 4 | I13: 15 | J13: 19 | L13: Washed / Wet | M13: 358 | N13: 298 | O13: 656 | Q13: 1500-1700 | R13: 64 | S13: 80 | T13: 144
B14: El Salvador | C14: 5 | D14: 10 | E14: 15 | G14: Catuai | H14: 41 | I14: 25 | J14: 66 | L14: Total Result | M14: 444 | N14: 418 | O14: 862 | Q14: 1700-1900 | R14: 41 | S14: 102 | T14: 143
B15: Ethiopia | D15: 10 | E15: 10 | G15: Caturra | H15: 76 | I15: 144 | J15: 220 | Q15: 700-900 | R15: 27 | S15: 21 | T15: 48
B16: Guatemala | C16: 68 | D16: 72 | E16: 140 | G16: Ethiopian Yirgacheffe | I16: 2 | J16: 2 | Q16: 900-1100 | R16: 47 | S16: 35 | T16: 82
B17: Haiti | C17: 4 | D17: 1 | E17: 5 | G17: Gesha | H17: 7 | I17: 4 | J17: 11 | Q17: Total Result | R17: 444 | S17: 418 | T17: 862
B18: Honduras | C18: 37 | D18: 10 | E18: 47 | G18: Java | H18: 1 | I18: 1 | J18: 2
B19: Indonesia | C19: 4 | D19: 6 | E19: 10 | G19: Mandheling | H19: 1 | J19: 1
B20: Kenya | D20: 1 | E20: 1 | G20: Mundo Novo | H20: 19 | I20: 6 | J20: 25
B21: Malawi | C21: 9 | D21: 1 | E21: 10 | G21: Outro | H21: 45 | I21: 44 | J21: 89
B22: Mexico | C22: 164 | D22: 59 | E22: 223 | G22: Pacamara | H22: 3 | I22: 4 | J22: 7
B23: Myanmar | C23: 2 | E23: 2 | G23: Pacas | H23: 7 | I23: 5 | J23: 12
B24: Nicaragua | C24: 8 | D24: 2 | E24: 10 | G24: Peaberry | I24: 1 | J24: 1
B25: Others | C25: 6 | D25: 10 | E25: 16 | G25: Ruiru 11 | I25: 1 | J25: 1
B26: Peru | C26: 2 | E26: 2 | G26: Sumatra | I26: 2 | J26: 2
B27: Taiwan | C27: 32 | D27: 23 | E27: 55 | G27: Typica | H27: 135 | I27: 57 | J27: 192
B28: Tanzania, United Republic Of | C28: 20 | D28: 14 | E28: 34 | G28: Yellow Bourbon | H28: 7 | I28: 10 | J28: 17
B29: Thailand | C29: 1 | D29: 7 | E29: 8 | G29: Total Result | H29: 444 | I29: 418 | J29: 862
B30: Uganda | D30: 8 | E30: 8
B31: United States | C31: 1 | D31: 3 | E31: 4
B32: Vietnam | C32: 2 | D32: 2 | E32: 4
B33: Total Result | C33: 444 | D33: 418 | E33: 862
A36: Information Value
A38: Contagem de Tipo_Qualidade | B38: Tipo_Qualidade
A39: Tipo_Processamento | B39: Normal | C39: Premium | D39: Total Result | E39: Freq | F39: Premium | G39: Normal | H39: ODD | I39: IV
A40: Natural / Dry | B40: 59 | C40: 88 | D40: 147 | E40: =D40/$D$44 -> 0.17053364 | F40: =C40/$C$44 -> 0.21052632 | G40: =B40/$B$44 -> 0.13288288 | H40: =F40/G40 -> 1.5842997 | I40: =(F40-G40)*LN(H40) -> 0.035727043
A41: Pulped natural / honey | B41: 3 | C41: 6 | D41: 9 | E41: =D41/$D$44 -> 0.010440835 | F41: =C41/$C$44 -> 0.014354067 | G41: =B41/$B$44 -> 0.0067567568 | H41: =F41/G41 -> 2.1244019 | I41: =(F41-G41)*LN(H41) -> 0.0057244996
A42: Semi-washed / Semi-pulped | B42: 24 | C42: 26 | D42: 50 | E42: =D42/$D$44 -> 0.05800464 | F42: =C42/$C$44 -> 0.062200957 | G42: =B42/$B$44 -> 0.054054054 | H42: =F42/G42 -> 1.1507177 | I42: =(F42-G42)*LN(H42) -> 0.0011437098
A43: Washed / Wet | B43: 358 | C43: 298 | D43: 656 | E43: =D43/$D$44 -> 0.76102088 | F43: =C43/$C$44 -> 0.71291866 | G43: =B43/$B$44 -> 0.80630631 | H43: =F43/G43 -> 0.88417845 | I43: =(F43-G43)*LN(H43) -> 0.01149568
A44: Total Result | B44: 444 | C44: 418 | D44: 862 | I44: =SUM(I40:I43) -> 0.054090933
I45: Baixo poder preditivo
A47: Contagem de Tipo_Qualidade | B47: Tipo_Qualidade
A48: Faixa de Altitude | B48: Normal | C48: Premium | D48: Total Result | E48: Freq | F48: Premium | G48: Normal | H48: ODD | I48: IV
A49: <700 | B49: 24 | C49: 14 | D49: 38 | E49: =D49/$D$56 -> 0.044083527 | F49: =C49/$C$56 -> 0.033492823 | G49: =B49/$B$56 -> 0.054054054 | H49: =F49/G49 -> 0.61961722 | I49: =(F49-G49)*LN(H49) -> 0.0098417026
A50: 1100-1300 | B50: 123 | C50: 81 | D50: 204 | E50: =D50/$D$56 -> 0.23665893 | F50: =C50/$C$56 -> 0.1937799 | G50: =B50/$B$56 -> 0.27702703 | H50: =F50/G50 -> 0.69949819 | I50: =(F50-G50)*LN(H50) -> 0.029751862
A51: 1300-1500 | B51: 118 | C51: 85 | D51: 203 | E51: =D51/$D$56 -> 0.23549884 | F51: =C51/$C$56 -> 0.20334928 | G51: =B51/$B$56 -> 0.26576577 | H51: =F51/G51 -> 0.76514476 | I51: =(F51-G51)*LN(H51) -> 0.016708283
A52: 1500-1700 | B52: 64 | C52: 80 | D52: 144 | E52: =D52/$D$56 -> 0.16705336 | F52: =C52/$C$56 -> 0.19138756 | G52: =B52/$B$56 -> 0.14414414 | H52: =F52/G52 -> 1.3277512 | I52: =(F52-G52)*LN(H52) -> 0.013392879
A53: 1700-1900 | B53: 41 | C53: 102 | D53: 143 | E53: =D53/$D$56 -> 0.16589327 | F53: =C53/$C$56 -> 0.24401914 | G53: =B53/$B$56 -> 0.092342342 | H53: =F53/G53 -> 2.6425487 | I53: =(F53-G53)*LN(H53) -> 0.147391
A54: 700-900 | B54: 27 | C54: 21 | D54: 48 | E54: =D54/$D$56 -> 0.055684455 | F54: =C54/$C$56 -> 0.050239234 | G54: =B54/$B$56 -> 0.060810811 | H54: =F54/G54 -> 0.8261563 | I54: =(F54-G54)*LN(H54) -> 0.0020188677
A55: 900-1100 | B55: 47 | C55: 35 | D55: 82 | E55: =D55/$D$56 -> 0.09512761 | F55: =C55/$C$56 -> 0.083732057 | G55: =B55/$B$56 -> 0.10585586 | H55: =F55/G55 -> 0.79100071 | I55: =(F55-G55)*LN(H55) -> 0.0051870664
A56: Total Result | B56: 444 | C56: 418 | D56: 862 | I56: =SUM(I49:I55) -> 0.22429166 | J56: =IF(I56<0.02,"Não útil para previsão",IF(I56<0.1,"Baixo poder preditivo",IF(I56<0.3,"Moderado poder preditivo",IF(I56<0.5,"Forte poder preditivo","Poder preditivo suspeito (revisar)")))) -> Moderado poder preditivo
A59: Contagem de Tipo_Qualidade | B59: Rótulos de Coluna
A60: Pais_Origem (agrupado, min. 15 obs.) | B60: Normal | C60: Premium | D60: Total Geral | E60: Freq | F60: Premium | G60: Normal | H60: ODD | I60: IV
A61: Mexico | B61: 164 | C61: 59 | D61: =B61+C61 -> 223 | E61: =D61/$D$73 -> 0.2587007 | F61: =C61/$C$73 -> 0.14114833 | G61: =B61/$B$73 -> 0.36936937 | H61: =F61/G61 -> 0.38213327 | I61: =(F61-G61)*LN(H61) -> 0.21954542
A62: Guatemala | B62: 68 | C62: 72 | D62: =B62+C62 -> 140 | E62: =D62/$D$73 -> 0.16241299 | F62: =C62/$C$73 -> 0.1722488 | G62: =B62/$B$73 -> 0.15315315 | H62: =F62/G62 -> 1.1246834 | I62: =(F62-G62)*LN(H62) -> 0.0022437684
A63: Colombia | B63: 18 | C63: 99 | D63: =B63+C63 -> 117 | E63: =D63/$D$73 -> 0.13573086 | F63: =C63/$C$73 -> 0.23684211 | G63: =B63/$B$73 -> 0.040540541 | H63: =F63/G63 -> 5.8421053 | I63: =(F63-G63)*LN(H63) -> 0.34649017
A64: Brazil | B64: 40 | C64: 44 | D64: =B64+C64 -> 84 | E64: =D64/$D$73 -> 0.097447796 | F64: =C64/$C$73 -> 0.10526316 | G64: =B64/$B$73 -> 0.09009009 | H64: =F64/G64 -> 1.1684211 | I64: =(F64-G64)*LN(H64) -> 0.0023617382
A65: Outros_Agrupado | B65: 33 | C65: 41 | D65: =B65+C65 -> 74 | E65: =D65/$D$73 -> 0.085846868 | F65: =C65/$C$73 -> 0.098086124 | G65: =B65/$B$73 -> 0.074324324 | H65: =F65/G65 -> 1.3197042 | I65: =(F65-G65)*LN(H65) -> 0.0065917048
A66: Taiwan | B66: 32 | C66: 23 | D66: =B66+C66 -> 55 | E66: =D66/$D$73 -> 0.063805104 | F66: =C66/$C$73 -> 0.055023923 | G66: =B66/$B$73 -> 0.072072072 | H66: =F66/G66 -> 0.76345694 | I66: =(F66-G66)*LN(H66) -> 0.0046012707
A67: Honduras | B67: 37 | C67: 10 | D67: =B67+C67 -> 47 | E67: =D67/$D$73 -> 0.054524362 | F67: =C67/$C$73 -> 0.023923445 | G67: =B67/$B$73 -> 0.083333333 | H67: =F67/G67 -> 0.28708134 | I67: =(F67-G67)*LN(H67) -> 0.074142928
A68: Costa Rica | B68: 16 | C68: 25 | D68: =B68+C68 -> 41 | E68: =D68/$D$73 -> 0.047563805 | F68: =C68/$C$73 -> 0.059808612 | G68: =B68/$B$73 -> 0.036036036 | H68: =F68/G68 -> 1.659689 | I68: =(F68-G68)*LN(H68) -> 0.012043906
A69: Tanzania, United Republic Of | B69: 20 | C69: 14 | D69: =B69+C69 -> 34 | E69: =D69/$D$73 -> 0.039443155 | F69: =C69/$C$73 -> 0.033492823 | G69: =B69/$B$73 -> 0.045045045 | H69: =F69/G69 -> 0.74354067 | I69: =(F69-G69)*LN(H69) -> 0.0034232909
A70: China | B70: 5 | C70: 11 | D70: =B70+C70 -> 16 | E70: =D70/$D$73 -> 0.018561485 | F70: =C70/$C$73 -> 0.026315789 | G70: =B70/$B$73 -> 0.011261261 | H70: =F70/G70 -> 2.3368421 | I70: =(F70-G70)*LN(H70) -> 0.012778291
A71: Others | B71: 6 | C71: 10 | D71: =B71+C71 -> 16 | E71: =D71/$D$73 -> 0.018561485 | F71: =C71/$C$73 -> 0.023923445 | G71: =B71/$B$73 -> 0.013513514 | H71: =F71/G71 -> 1.7703349 | I71: =(F71-G71)*LN(H71) -> 0.0059458276
A72: El Salvador | B72: 5 | C72: 10 | D72: =B72+C72 -> 15 | E72: =D72/$D$73 -> 0.017401392 | F72: =C72/$C$73 -> 0.023923445 | G72: =B72/$B$73 -> 0.011261261 | H72: =F72/G72 -> 2.1244019 | I72: =(F72-G72)*LN(H72) -> 0.0095408327
A73: Total Geral | B73: =SUM(B61:B72) -> 444 | C73: =SUM(C61:C72) -> 418 | D73: =SUM(D61:D72) -> 862 | I73: =SUM(I61:I72) -> 0.69970914 | J73: =IF(I73<0.02,"Não útil para previsão",IF(I73<0.1,"Baixo poder preditivo",IF(I73<0.3,"Moderado poder preditivo",IF(I73<0.5,"Forte poder preditivo","Poder preditivo suspeito (revisar)")))) -> Poder preditivo suspeito (revisar)
A76: Contagem de Tipo_Qualidade | B76: Rótulos de Coluna
A77: Tipo_Variedade (agrupado, min. 15 obs.) | B77: Normal | C77: Premium | D77: Total Geral | E77: Freq | F77: Premium | G77: Normal | H77: ODD | I77: IV
A78: Caturra | B78: 76 | C78: 144 | D78: =B78+C78 -> 220 | E78: =D78/$D$87 -> 0.25522042 | F78: =C78/$C$87 -> 0.34449761 | G78: =B78/$B$87 -> 0.17117117 | H78: =F78/G78 -> 2.0125913 | I78: =(F78-G78)*LN(H78) -> 0.12122851
A79: Bourbon | B79: 97 | C79: 96 | D79: =B79+C79 -> 193 | E79: =D79/$D$87 -> 0.22389791 | F79: =C79/$C$87 -> 0.22966507 | G79: =B79/$B$87 -> 0.21846847 | H79: =F79/G79 -> 1.0512504 | I79: =(F79-G79)*LN(H79) -> 0.00055961007
A80: Typica | B80: 135 | C80: 57 | D80: =B80+C80 -> 192 | E80: =D80/$D$87 -> 0.22273782 | F80: =C80/$C$87 -> 0.13636364 | G80: =B80/$B$87 -> 0.30405405 | H80: =F80/G80 -> 0.44848485 | I80: =(F80-G80)*LN(H80) -> 0.13446766
A81: Outro | B81: 45 | C81: 44 | D81: =B81+C81 -> 89 | E81: =D81/$D$87 -> 0.10324826 | F81: =C81/$C$87 -> 0.10526316 | G81: =B81/$B$87 -> 0.10135135 | H81: =F81/G81 -> 1.0385965 | I81: =(F81-G81)*LN(H81) -> 0.00014814119
A82: Catuai | B82: 41 | C82: 25 | D82: =B82+C82 -> 66 | E82: =D82/$D$87 -> 0.076566125 | F82: =C82/$C$87 -> 0.059808612 | G82: =B82/$B$87 -> 0.092342342 | H82: =F82/G82 -> 0.64768351 | I82: =(F82-G82)*LN(H82) -> 0.014131127
A83: Outras_Raras | B83: 20 | C83: 21 | D83: =B83+C83 -> 41 | E83: =D83/$D$87 -> 0.047563805 | F83: =C83/$C$87 -> 0.050239234 | G83: =B83/$B$87 -> 0.045045045 | H83: =F83/G83 -> 1.115311 | I83: =(F83-G83)*LN(H83) -> 0.000566859
A84: Mundo Novo | B84: 19 | C84: 6 | D84: =B84+C84 -> 25 | E84: =D84/$D$87 -> 0.02900232 | F84: =C84/$C$87 -> 0.014354067 | G84: =B84/$B$87 -> 0.042792793 | H84: =F84/G84 -> 0.33543188 | I84: =(F84-G84)*LN(H84) -> 0.031064655
A85: Catimor | B85: 4 | C85: 15 | D85: =B85+C85 -> 19 | E85: =D85/$D$87 -> 0.022041763 | F85: =C85/$C$87 -> 0.035885167 | G85: =B85/$B$87 -> 0.009009009 | H85: =F85/G85 -> 3.9832536 | I85: =(F85-G85)*LN(H85) -> 0.037145511
A86: Yellow Bourbon | B86: 7 | C86: 10 | D86: =B86+C86 -> 17 | E86: =D86/$D$87 -> 0.019721578 | F86: =C86/$C$87 -> 0.023923445 | G86: =B86/$B$87 -> 0.015765766 | H86: =F86/G86 -> 1.5174299 | I86: =(F86-G86)*LN(H86) -> 0.0034018997
A87: Total Geral | B87: =SUM(B78:B86) -> 444 | C87: =SUM(C78:C86) -> 418 | D87: =SUM(D78:D86) -> 862 | I87: =SUM(I78:I86) -> 0.34271397 | J87: =IF(I87<0.02,"Não útil para previsão",IF(I87<0.1,"Baixo poder preditivo",IF(I87<0.3,"Moderado poder preditivo",IF(I87<0.5,"Forte poder preditivo","Poder preditivo suspeito (revisar)")))) -> Forte poder preditivo
A91: Calculando o WoE (Weight of Evidences)
A93: Contagem de Tipo_Qualidade | B93: Tipo_Qualidade
A94: Tipo_Processamento | B94: Normal | C94: Premium | D94: Total Result | E94: ODD | F94: Woe
A95: Natural / Dry | B95: 59 | C95: 88 | D95: 147 | E95: =C95/B95 -> 1.4915254 | F95: =LN(E95) -> 0.39979937
A96: Pulped natural / honey | B96: 3 | C96: 6 | D96: 9 | E96: =C96/B96 -> 2 | F96: =LN(E96) -> 0.69314718
A97: Semi-washed / Semi-pulped | B97: 24 | C97: 26 | D97: 50 | E97: =C97/B97 -> 1.0833333 | F97: =LN(E97) -> 0.080042708
A98: Washed / Wet | B98: 358 | C98: 298 | D98: 656 | E98: =C98/B98 -> 0.83240223 | F98: =LN(E98) -> -0.1834395
A99: Total Result | B99: 444 | C99: 418 | D99: 862
A102: Contagem de Tipo_Qualidade | B102: Tipo_Qualidade
A103: Faixa de Altitude | B103: Normal | C103: Premium | D103: Total Result | E103: ODD | F103: WoE
A104: <700 | B104: 24 | C104: 14 | D104: 38 | E104: =C104/B104 -> 0.58333333 | F104: =LN(E104) -> -0.5389965
A105: 1100-1300 | B105: 123 | C105: 81 | D105: 204 | E105: =C105/B105 -> 0.65853659 | F105: =LN(E105) -> -0.4177352
A106: 1300-1500 | B106: 118 | C106: 85 | D106: 203 | E106: =C106/B106 -> 0.72033898 | F106: =LN(E106) -> -0.32803337
A107: 1500-1700 | B107: 64 | C107: 80 | D107: 144 | E107: =C107/B107 -> 1.25 | F107: =LN(E107) -> 0.22314355
A108: 1700-1900 | B108: 41 | C108: 102 | D108: 143 | E108: =C108/B108 -> 2.4878049 | F108: =LN(E108) -> 0.91140075
A109: 700-900 | B109: 27 | C109: 21 | D109: 48 | E109: =C109/B109 -> 0.77777778 | F109: =LN(E109) -> -0.25131443
A110: 900-1100 | B110: 47 | C110: 35 | D110: 82 | E110: =C110/B110 -> 0.74468085 | F110: =LN(E110) -> -0.29479954
A111: Total Result | B111: 444 | C111: 418 | D111: 862
A114: Contagem de Tipo_Qualidade | B114: Rótulos de Coluna
A115: Pais_Origem (agrupado, min. 15 obs.) | B115: Normal | C115: Premium | D115: Total Geral | E115: ODD | F115: Woe
A116: Mexico | B116: 164 | C116: 59 | D116: =B116+C116 -> 223 | E116: =C116/B116 -> 0.3597561 | F116: =LN(E116) -> -1.022329
A117: Guatemala | B117: 68 | C117: 72 | D117: =B117+C117 -> 140 | E117: =C117/B117 -> 1.0588235 | F117: =LN(E117) -> 0.057158414
A118: Colombia | B118: 18 | C118: 99 | D118: =B118+C118 -> 117 | E118: =C118/B118 -> 5.5 | F118: =LN(E118) -> 1.7047481
A119: Brazil | B119: 40 | C119: 44 | D119: =B119+C119 -> 84 | E119: =C119/B119 -> 1.1 | F119: =LN(E119) -> 0.09531018
A120: Outros_Agrupado | B120: 33 | C120: 41 | D120: =B120+C120 -> 74 | E120: =C120/B120 -> 1.2424242 | F120: =LN(E120) -> 0.21706451
A121: Taiwan | B121: 32 | C121: 23 | D121: =B121+C121 -> 55 | E121: =C121/B121 -> 0.71875 | F121: =LN(E121) -> -0.33024169
...

Sheet Validação
A1: Validação do modelo: probabilidade prevista (WOE) x probabilidade real observada
A3: Pais | B3: Variedade | C3: Processamento | D3: Altitude | E3: N (registros) | F3: P(Premium) Real | G3: P(Premium) Modelo | H3: Diferença (Modelo - Real)
A4: Colombia | B4: Caturra | C4: Washed / Wet | D4: 1700-1900 | E4: 65 | F4: 0.8615 | G4: =EXP(I4)/(1+EXP(I4)) -> 0.95308856 | H4: =G4-F4 -> 0.091588556 | I4: =Análise!$B$145+VLOOKUP(A4,Análise!$A$116:$F$127,6,0)+VLOOKUP(B4,Análise!$A$133:$F$141,6,0)+VLOOKUP(C4,Análise!$A$95:$F$98,6,0)+VLOOKUP(D4,Análise!$A$104:$F$110,6,0) -> 3.0114462
A5: Guatemala | B5: Bourbon | C5: Washed / Wet | D5: 1300-1500 | E5: 38 | F5: 0.4737 | G5: =EXP(I5)/(1+EXP(I5)) -> 0.37167905 | H5: =G5-F5 -> -0.10202095 | I5: =Análise!$B$145+VLOOKUP(A5,Análise!$A$116:$F$127,6,0)+VLOOKUP(B5,Análise!$A$133:$F$141,6,0)+VLOOKUP(C5,Análise!$A$95:$F$98,6,0)+VLOOKUP(D5,Análise!$A$104:$F$110,6,0) -> -0.52502037
A6: Mexico | B6: Typica | C6: Washed / Wet | D6: 1100-1300 | E6: 36 | F6: 0.1667 | G6: =EXP(I6)/(1+EXP(I6)) -> 0.072690928 | H6: =G6-F6 -> -0.094009072 | I6: =Análise!$B$145+VLOOKUP(A6,Análise!$A$116:$F$127,6,0)+VLOOKUP(B6,Análise!$A$133:$F$141,6,0)+VLOOKUP(C6,Análise!$A$95:$F$98,6,0)+VLOOKUP(D6,Análise!$A$104:$F$110,6,0) -> -2.5460703
A7: Mexico | B7: Typica | C7: Washed / Wet | D7: 1300-1500 | E7: 32 | F7: 0.2188 | G7: =EXP(I7)/(1+EXP(I7)) -> 0.078974079 | H7: =G7-F7 -> -0.13982592 | I7: =Análise!$B$145+VLOOKUP(A7,Análise!$A$116:$F$127,6,0)+VLOOKUP(B7,Análise!$A$133:$F$141,6,0)+VLOOKUP(C7,Análise!$A$95:$F$98,6,0)+VLOOKUP(D7,Análise!$A$104:$F$110,6,0) -> -2.4563685
A8: Mexico | B8: Typica | C8: Washed / Wet | D8: 1500-1700 | E8: 21 | F8: 0.2857 | G8: =EXP(I8)/(1+EXP(I8)) -> 0.12952202 | H8: =G8-F8 -> -0.15617798 | I8: =Análise!$B$145+VLOOKUP(A8,Análise!$A$116:$F$127,6,0)+VLOOKUP(B8,Análise!$A$133:$F$141,6,0)+VLOOKUP(C8,Análise!$A$95:$F$98,6,0)+VLOOKUP(D8,Análise!$A$104:$F$110,6,0) -> -1.9051916
A9: Guatemala | B9: Bourbon | C9: Washed / Wet | D9: 1700-1900 | E9: 18 | F9: 0.3889 | G9: =EXP(I9)/(1+EXP(I9)) -> 0.6713757 | H9: =G9-F9 -> 0.2824757 | I9: =Análise!$B$145+VLOOKUP(A9,Análise!$A$116:$F$127,6,0)+VLOOKUP(B9,Análise!$A$133:$F$141,6,0)+VLOOKUP(C9,Análise!$A$95:$F$98,6,0)+VLOOKUP(D9,Análise!$A$104:$F$110,6,0) -> 0.71441374
A10: Guatemala | B10: Bourbon | C10: Washed / Wet | D10: 1500-1700 | E10: 16 | F10: 0.6875 | G10: =EXP(I10)/(1+EXP(I10)) -> 0.50653876 | H10: =G10-F10 -> -0.18096124 | I10: =Análise!$B$145+VLOOKUP(A10,Análise!$A$116:$F$127,6,0)+VLOOKUP(B10,Análise!$A$133:$F$141,6,0)+VLOOKUP(C10,Análise!$A$95:$F$98,6,0)+VLOOKUP(D10,Análise!$A$104:$F$110,6,0) -> 0.026156548
A11: Colombia | B11: Caturra | C11: Washed / Wet | D11: 1500-1700 | E11: 15 | F11: 0.8 | G11: =EXP(I11)/(1+EXP(I11)) -> 0.91077942 | H11: =G11-F11 -> 0.11077942 | I11: =Análise!$B$145+VLOOKUP(A11,Análise!$A$116:$F$127,6,0)+VLOOKUP(B11,Análise!$A$133:$F$141,6,0)+VLOOKUP(C11,Análise!$A$95:$F$98,6,0)+VLOOKUP(D11,Análise!$A$104:$F$110,6,0) -> 2.323189
A12: Guatemala | B12: Bourbon | C12: Washed / Wet | D12: 1100-1300 | E12: 15 | F12: 0.5333 | G12: =EXP(I12)/(1+EXP(I12)) -> 0.35098275 | H12: =G12-F12 -> -0.18231725 | I12: =Análise!$B$145+VLOOKUP(A12,Análise!$A$116:$F$127,6,0)+VLOOKUP(B12,Análise!$A$133:$F$141,6,0)+VLOOKUP(C12,Análise!$A$95:$F$98,6,0)+VLOOKUP(D12,Análise!$A$104:$F$110,6,0) -> -0.6147222
A13: Honduras | B13: Catuai | C13: Washed / Wet | D13: 1300-1500 | E13: 15 | F13: 0.1333 | G13: =EXP(I13)/(1+EXP(I13)) -> 0.085111109 | H13: =G13-F13 -> -0.048188891 | I13: =Análise!$B$145+VLOOKUP(A13,Análise!$A$116:$F$127,6,0)+VLOOKUP(B13,Análise!$A$133:$F$141,6,0)+VLOOKUP(C13,Análise!$A$95:$F$98,6,0)+VLOOKUP(D13,Análise!$A$104:$F$110,6,0) -> -2.3748451
A15: Erro absoluto médio (MAE): | H15: =SUMPRODUCT(ABS(G4:G13-F4:F13))/COUNT(G4:G13) -> 0.1388345
